AF;AFG;004;Afghanistan;AFGHANISTAN;AFEGANISTÃO;AFGHAN;AFEGÃ
AL;ALB;008;Albania;ALBANIA;ALBÂNIA;ALBANIA;ALBANEZA
DZ;DZA;012;Algeria;ALGERIA;ARGÉLIA;ALGERIAN;ARGELINA
AS;ASM;016;American Samoa;;;;
AD;AND;020;Andorra;ANDORRA;ANDORRA;ANDORRANA;ANDORRANA
AO;AGO;024;Angola;ANGOLA;ANGOLA;ANGOLAN;ANGOLANA
AI;AIA;660;Anguilla;;;;
AQ;ATA;010;Antarctica (the territory South of 60 deg S);;;;
AG;ATG;028;Antigua and Barbuda;ANTIGUA AND BARBUDA;ANTÍGUA E BARBUDA;ANTIGUA AND BARBUDA;ANTÍGUA E BARBUDA
AR;ARG;032;Argentina;ARGENTINA;ARGENTINA;ARGENTINA;ARGENTINA
AM;ARM;051;Armenia;ARMENIA;ARMÉNIA;ARMENIA;ARMÉNIA
AW;ABW;533;Aruba;;;;
AU;AUS;036;Australia;AUSTRALIA;AUSTRÁLIA;AUSTRALIAN;AUSTRALIANA
AT;AUT;040;Austria;AUSTRIA;ÁUSTRIA;AUSTRIAN;AUSTRÍACA
AZ;AZE;031;Azerbaijan;AZERBAIJAN;AZERBAIJÃO;AZERBAIJAN;AZERBAIJÃO
BS;BHS;044;Bahamas;BAHAMAS;BAHAMAS;BAHAMAS;BAHAMAS
BH;BHR;048;Bahrain;BAHRAIN;BAHRAIN;BAHRAIN;BAHRAIN
BD;BGD;050;Bangladesh;BANGLADESH;BANGLADESH;BANGLADESHI;BENGALESA
BB;BRB;052;Barbados;BARBADOS;BARBADOS;BARBADOS;BARBADOS
BY;BLR;112;Belarus;BELARUS;BIELORRÚSSIA;BELARUS;BIELORRUSA
BE;BEL;056;Belgium;BELGIUM;BÉLGICA;BELGIAN;BELGA
BZ;BLZ;084;Belize;BELIZE;BELIZE;BELIZE;BELIZE
BJ;BEN;204;Benin;BENIN;BENIN;BENIN;BENIN
BM;BMU;060;Bermuda;BERMUDA;BERMUDA;BERMUDA;BERMUDA
BT;BTN;064;Bhutan;BHUTAN;BUTÃO;BHUTAN;BUTÃO
BO;BOL;068;Bolivia;BOLIVIA;BOLÍVIA;BOLIVIANO;BOLIVIANA
BA;BIH;070;Bosnia and Herzegovina;BOSNIA-HERZEGOVINA;BÓSNIA-HERZEGOVINA;BOSNIA;BÓSNIA
BW;BWA;072;Botswana;BOTSWANA;BOTSWANA;BOTSWANA;BOTSWANA
BV;BVT;074;Bouvet Island (Bouvetoya);;;;
BR;BRA;076;Brazil;BRAZIL;BRASIL;BRASILIAN;BRASILEIRA
IO;IOT;086;British Indian Ocean Territory (Chagos Archipelago);;;;
VG;VGB;092;British Virgin Islands;;;;
BN;BRN;096;Brunei Darussalam;BRUNEI DARUSSALAM;BRUNEI DARUSSALAM;BRUNEI DARUSSALAM;BRUNEI DARUSSALAM
BG;BGR;100;Bulgaria;BULGARIA;BULGÁRIA;BULGARIAN;BÚLGARA
BF;BFA;854;Burkina Faso;BURKINA FASO;BURKINA FASO;BURKINA FASO;BURKINA FASO
BI;BDI;108;Burundi;BURUNDI;BURUNDI;BURUNDI;BURUNDI
KH;KHM;116;Cambodia;CAMBODIA;CAMBODJA;CAMBODIAN;CAMBODJANA
CM;CMR;120;Cameroon;CAMEROON;CAMARÕES;CAMEROON;CAMARÕES
CA;CAN;124;Canada;CANADA;CANADÁ;CANADIAN;CANADIANA
CV;CPV;132;Cape Verde;CAPE VERDE;CABO VERDE;CAPE VERDE;CABO-VERDIANA
KY;CYM;136;Cayman Islands;;;;
CF;CAF;140;Central African Republic;CENTRAL AFRICAN REPUBLIC;REPÚBLICA CENTRO AFRICANA;CENTRAL AFRICAN REPUBLIC;REPÚBLICA CENTRO AFRICANA
TD;TCD;148;Chad;CHAD;CHADE;CHAD;CHADE
CL;CHL;152;Chile;CHILE;CHILE;CHILENA;CHILENA
CN;CHN;156;China;CHINA;CHINA;CHINESE;CHINESA
CX;CXR;162;Christmas Island;;;;
CC;CCK;166;Cocos (Keeling) Islands;;;;
CO;COL;170;Colombia;COLOMBIA;COLÔMBIA;COLOMBIAN;COLOMBIANA
KM;COM;174;Comoros;COMOROS;COMOROS;COMOROS;COMOROS
CD;COD;180;Congo;CONGO (DEMOCRATIC REPUBLIC OF);CONGO (REPÚBLICA DEMOCRÁTICA DO);CONGOLESE;CONGOLESA
CG;COG;178;Congo;CONGO;CONGO;CONGOLESE;CONGOLESA
CK;COK;184;Cook Islands;;;;
CR;CRI;188;Costa Rica;COSTA RICA;COSTA RICA;COSTA RICAN;COSTA-RIQUENHA
CI;CIV;384;Ivory Coast;IVORY COAST;COSTA DO MARFIM;COSTA IVORIAN;COSTA MARFINENSE
CU;CUB;192;Cuba;CUBA;CUBA;CUBANA;CUBANA
CY;CYP;196;Cyprus;CYPRUS;CHIPRE;CYPRIOT;CIPRIOTA
CZ;CZE;203;Czech Republic;CZECH REPUBLIC;REPÚBLICA CHECA;CZECH;CHECA
DK;DNK;208;Denmark;DENMARK;DINAMARCA;DANISH;DINAMARQUESA
DJ;DJI;262;Djibouti;DJIBOUTI;DJIBOUTI;DJIBOUTI;DJIBOUTI
DM;DMA;212;Dominica;DOMINICA;DOMINICA;DOMINICA;DOMINICA
DO;DOM;214;Dominican Republic;DOMINICAN REPUBLIC;REPÚBLICA DOMINICANA;DOMINICAN REPUBLIC;REPÚBLICA DOMINICANA
EC;ECU;218;Ecuador;EQUADOR;EQUADOR;ECUADORIAN;EQUATORIANA
EG;EGY;818;Egypt;EGYPT;EGIPTO;EGYPTIAN;EGÍPCIA
SV;SLV;222;El Salvador;EL SALVADOR;EL SALVADOR;SALVADORAN;SALVADORENHA
GQ;GNQ;226;Equatorial Guinea;-EQUATORIAL GUINEA;GUINÉ-EQUATORIAL;GUINEA-ECUADORIAN;GUINÉ-EQUATORIANA
ER;ERI;232;Eritrea;ERITREA;ERITREIA;ERITREA;ERITREIA
EE;EST;233;Estonia;ESTONIA;ESTÓNIA;ESTONIA;ESTÓNIA
ET;ETH;231;Ethiopia;ETHIOPIA;ETIÓPIA;ETHIOPIA;ETÍOPE
FO;FRO;234;Faeroe Islands;;;;
FK;FLK;238;Falkland Islands (Malvinas);;;;
FJ;FJI;242;Fiji;FIJI;FIJI;FIJI;FIJI
FI;FIN;246;Finland;FINLAND;FINLÂNDIA;FINNISH;FINLANDESA
FR;FRA;250;France;FRANCE;FRANÇA;FRENCH;FRANCESA
GF;GUF;254;French Guiana;;;;
PF;PYF;258;French Polynesia;;;;
TF;ATF;260;French Southern Territories;;;;
GA;GAB;266;Gabon;GABON;GABÃO;GABON;GABONESA
GM;GMB;270;Gambia;GAMBIA;GÂMBIA;GAMBIA;GÂMBIA
GE;GEO;268;Georgia;GEORGIA;GEÓRGIA;GEORGIAN;GEORGIANA
DE;DEU;276;Germany;GERMANY;ALEMANHA;GERMAN;ALEMÃ
GH;GHA;288;Ghana;GHANA;GANA;GHANAIANS;GANESA
GI;GIB;292;Gibraltar;;;;
GR;GRC;300;Greece;GREECE;GRÉCIA;GREEK;GREGA
GL;GRL;304;Greenland;;;;
GD;GRD;308;Grenada;GRANADA;GRANADA;GRANADA;GRANADA
GP;GLP;312;Guadaloupe;;;;
GU;GUM;316;Guam;GUAM;GUAM;GUAM;GUAM
GT;GTM;320;Guatemala;GUATEMALA;GUATEMALA;GUATEMALA;GUATEMALTECA
GN;GIN;324;Guinea;Guinea Conakry;GUINÉ-CONACRI;GUINEA CONAKRY;GUINÉ-CONACRI
GW;GNB;624;Guinea-Bissau;GUINEA-BISSAU;GUINÉ-BISSAU;GUINEA;GUINEENSE
GY;GUY;328;Guyana;GUYANA;GUIANA;GUINAN;GUINANA
HT;HTI;332;Haiti;HAITI;HAITI;HAITIAN;HAITIANA
HM;HMD;334;Heard and McDonald Islands;;;;
VA;VAT;336;Holy See (Vatican City State);VATICANO;VATICANO;VATICAN;VATICANO
HN;HND;340;Honduras;HONDURAS;HONDURAS;HONDURAN;HONDURENHA
HK;HKG;344;Hong Kong;HONG KONG;HONG KONG;HONG KONG;HONG KONG
HR;HRV;191;Hrvatska (Croatia);CROATIA;CROÁCIA;CROATIAN;CROATA
HU;HUN;348;Hungary;HUNGARY;HUNGRIA;HUNG;HÚNGARA
IS;ISL;352;Iceland;ICELAND;ISLÂNDIA;ICELANDIC;ISLANDESA
IN;IND;356;India;INDIA;ÍNDIA;INDIANA;INDIANA
ID;IDN;360;Indonesia;INDONESIA;INDONÉSIA;INDONESIA;INDONÉSIA
IR;IRN;364;Iran;IRAN;IRÃO;IRANIAN;IRANIANA
IQ;IRQ;368;Iraq;IRAQ;IRAQUE;IRAQI;IRAQUIANA
IE;IRL;372;Ireland;IRELAND;IRLANDA;IRISH;IRLANDESA
IL;ISR;376;Israel;ISRAEL;ISRAEL;ISRAELITE;ISRAELITA
IT;ITA;380;Italy;ITALY;ITÁLIA;ITALIAN;ITALIANA
JM;JAM;388;Jamaica;JAMAICA;JAMAICA;JAMAICAN;JAMAICANA
JP;JPN;392;Japan;JAPAN;JAPÃO;JAPANESE;JAPONESA
JO;JOR;400;Jordan;JORDAN;JORDÂNIA;JORDANA;JORDANA
KZ;KAZ;398;Kazakhstan;KAZAKHSTAN (REPUBLIC OF);CAZAQUISTÃO (REPÚBLICA DO);KAZAKH;CAZAQUE
KE;KEN;404;Kenya;KENYA;QUÉNIA;KENYA;QUENIANA
KI;KIR;296;Kiribati;KIRIBATI;KIRIBATI;KIRIBATI;KIRIBATI
KP;PRK;408;Korea;NORTH KOREA;COREIA DO NORTE;NORTH KOREAN;NORTE COREANA
KR;KOR;410;Korea;SOUTH KOREA;COREIA DO SUL;SOUTH KOREAN;SUL COREANA
KW;KWT;414;Kuwait;KUWAIT;KUWAIT;KUWAIT;KUWAITIANA
KG;KGZ;417;Kyrgyz Republic;KYRGYZSTAN;QUIRGUISTÃO;KYRGYZSTAN;QUIRGUISTÃO
LA;LAO;418;Lao People's Democratic Republic;LAOS;LAOS;LAOS;LAOS
LV;LVA;428;Latvia;LATVIA;LETÓNIA;LATVIAN;LETÃ
LB;LBN;422;Lebanon;LEBANON;LÍBANO;LEBANESE;LIBANESA
LS;LSO;426;Lesotho;LESOTHO;LESOTO;LESOTHO;LESOTO
LR;LBR;430;Liberia;LIBERIA;LIBÉRIA;LIBERIAN;LIBERIANA
LY;LBY;434;Libyan Arab Jamahiriya;LIBYA;LÍBIA;LEBANESE;LIBANESA
LI;LIE;438;Liechtenstein;LIECHTENSTEIN;LIECHTENSTEIN;LIECHTENSTEIN;LIECHTENSTEIN
LT;LTU;440;Lithuania;LITHUANIA;LITUÂNIA;LITHUANIA;LITUANA
LU;LUX;442;Luxembourg;LUXEMBOURG;LUXEMBURGO;LUXEMBOURG;LUXEMBURGUESA
MO;MAC;446;Macao;MACAU;MACAU;MACAENSE;MACAENSE
MK;MKD;807;Macedonia;MACEDONIA;MACEDÓNIA;MACEDONIA;MACEDÓNIA
MG;MDG;450;Madagascar;MADAGASCAR;MADAGÁSCAR;MADAGASCAR;MADAGÁSCAR
MW;MWI;454;Malawi;MALAWI;MALAWI;MALAWI;MALAWI
MY;MYS;458;Malaysia;MALAYSIA;MALÁSIA;MALAYSIA;MALÁSIA
MV;MDV;462;Maldives;MALDIVES;MALDIVAS;MALDIVES;MALDIVAS
ML;MLI;466;Mali;MALI;MALI;MALI;MALI
MT;MLT;470;Malta;MALTA;MALTA;MALTESE;MALTESA
MH;MHL;584;Marshall Islands;MARSHALL ISLANDS;ILHAS MARSHALL;MARSHALL ISLANDS;ILHAS MARSHALL
MQ;MTQ;474;Martinique;;;;
MR;MRT;478;Mauritania;MAURITANIA;MAURITÂNIA;MAURITANIA;MAURITANA
MU;MUS;480;Mauritius;MAURITIUS;MAURÍCIA;MAURITIUS;MAURÍCIA
YT;MYT;175;Mayotte;;;;
MX;MEX;484;Mexico;MEXICO;MÉXICO;MEXICAN;MEXICANA
FM;FSM;583;Micronesia;MICRONESIA (FEDERATED STATES OF);MICRONÉSIA (ESTADOS FEDERADOS DA);MICRONESIA (FEDERATED STATES OF);MICRONÉSIA (ESTADOS FEDERADOS DA)
MD;MDA;498;Moldova;MOLDOVA;MOLDÁVIA;MOLDS;MOLDAVA
MC;MCO;492;Monaco;MONACO;MÓNACO;MONEGASQUE;MONEGASCA
MN;MNG;496;Mongolia;MONGOLIA;MONGÓLIA;MONGOLIAN;MONGOL
MS;MSR;500;Montserrat;;;;
MA;MAR;504;Morocco;MOROCCO;MARROCOS;MOROCCAN;MARROQUINA
MZ;MOZ;508;Mozambique;MOZAMBIQUE;MOÇAMBIQUE;MOZAMBIQUE;MOÇAMBICANA
MM;MMR;104;Myanmar;MYANMAR;MIANMAR;MYANMAR;BIRMANESA
ME;MNE;499;Montenegro;MONTENEGRO;MONTENEGRO;MONTENEGRIN;MONTENEGRINA
NA;NAM;516;Namibia;NAMIBIA;NAMÍBIA;NAMIBIAN;NAMIBIANA
NR;NRU;520;Nauru;NAURU;NAURU;NAURU;NAURU
NP;NPL;524;Nepal;NEPAL;NEPAL;NEPALESE;NEPALESA
AN;ANT;530;Netherlands Antilles;;;;
NL;NLD;528;Netherlands;NETHERLANDS;HOLANDA;DUTCH;HOLANDESA
NC;NCL;540;New Caledonia;;;;
NZ;NZL;554;New Zealand;NEW ZEALAND;NOVA ZELÂNDIA;NEW ZEALAND;NEOZELANDESA
NI;NIC;558;Nicaragua;NICARAGUA;NICARÁGUA;NICARAGUA;NICARÁGUA
NE;NER;562;Niger;NIGER;NIGER;NIGER;NIGER
NG;NGA;566;Nigeria;NIGERIA;NIGÉRIA;NIGERIAN;NIGERIANA
NU;NIU;570;Niue;;;;
NF;NFK;574;Norfolk Island;;;;
MP;MNP;580;Northern Mariana Islands;;;;
NO;NOR;578;Norway;NORWAY;NORUEGA;NORWEGIAN;NORUEGUESA
OM;OMN;512;Oman;OMAN;OMÃ;OMAN;OMÃ
PK;PAK;586;Pakistan;PAKISTAN;PAQUISTÃO;PAKISTANI;PAQUISTANESA
PW;PLW;585;Palau;PALAU;PALAU;PALAU;PALAU
PS;PSE;275;Occupied Palestinian Territory;PALESTINE;PALESTINA;PALESTINE;PALESTINA
PA;PAN;591;Panama;PANAMA;PANAMÁ;PANAMIANA;PANAMIANA
PG;PNG;598;Papua New Guinea;PAPUA NEW GUINEA;PAPUA NOVA GUINÉ;PAPUA NEW GUINEA;PAPUA NOVA GUINÉ
PY;PRY;600;Paraguay;PARAGUAY;PARAGUAI;PARAGUAY;PARAGUAIA
PE;PER;604;Peru;PERU;PERU;PERUVIAN;PERUANA
PH;PHL;608;Philippines;REPUBLIC OF THE PHILIPPINES;REPÚBLICA DAS FILIPINAS;FILIPINO;FILIPINO
PN;PCN;612;Pitcairn Island;;;;
PL;POL;616;Poland;POLAND;POLÓNIA;POLISH;POLACA
PT;PRT;620;Portugal;PORTUGAL;PORTUGAL;NATURAL PORTUGUESE MACAU AND EAST TIMOR;PORTUGUESA NATURAL DE MACAU E TIMOR LESTE
PR;PRI;630;Puerto Rico;PORTO RICO;PORTO RICO;PORTO RICAN;PORTO RIQUENHA
QA;QAT;634;Qatar;QATAR;QATAR;QATAR;QATAR
RE;REU;638;Reunion;;;;
RO;ROU;642;Romania;ROMANIA;ROMÉNIA;ROMANIA;ROMENA
RU;RUS;643;Russian Federation;RUSSIA (FEDERATION);RÚSSIA (FEDERAÇÃO DA);RUSSIAN;RUSSA
RW;RWA;646;Rwanda;RWANDA;RUANDA;RWANDESE;RUANDESA
SH;SHN;654;St. Helena;;;;
KN;KNA;659;St. Kitts and Nevis;KITTS AND NEVIS;SÃO CRISTOVÃO E NEVIS;SAINT KITTS AND NEVIS;SÃO CRISTOVÃO E NEVIS
LC;LCA;662;St. Lucia;SANTA LUCIA;SANTA LÚCIA;SAINT LUCIA;SANTA LÚCIA
PM;SPM;666;St. Pierre and Miquelon;;;;
VC;VCT;670;St. Vincent and the Grenadines;SAINT VINCENT AND THE GRENADINES;SÃO VICENTE E GRANADINAS;SAINT VINCENT AND THE GRENADINES;SÃO VICENTE E GRANADINAS
WS;WSM;882;Samoa;SAMOA;SAMOA;SAMOAN;SAMOANA
SM;SMR;674;San Marino;SAN MARINO;SAN MARINO;SAN MARINO;SAN MARINO
ST;STP;678;Sao Tome and Principe;SAO TOME AND PRINCIPE;SÃO TOMÉ E PRÍNCIPE;SAN TOMENSE;SÃO TOMENSE
SA;SAU;682;Saudi Arabia;SAUDI ARABIA;ARÁBIA SAUDITA;ARABIA;SAUDITA
SN;SEN;686;Senegal;SENEGAL;SENEGAL;SENEGALESE;SENEGALESA
CS;SCG;891;Serbia and Montenegro;SERBIA;SÉRVIA;SERBIA;SÉRVIA
SC;SYC;690;Seychelles;SEYCHELLES;SEYCHELLES;SEYCHELLES;SEYCHELLES
SL;SLE;694;Sierra Leone;SIERRA LEONE;SERRA LEOA;SIERRA LEONE;SERRA LEOA
SG;SGP;702;Singapore;SINGAPORE;SINGAPURA;SINGAPORE;SINGAPURA
SK;SVK;703;Slovakia (Slovak Republic);SLOVAKIA;ESLOVÁQUIA;SLOVAK;ESLOVACA
SI;SVN;705;Slovenia;SLOVENIA;ESLOVÉNIA;SLOVENIAN;ESLOVENA
SB;SLB;090;Solomon Islands;SOLOMON ISLANDS;ILHAS SALOMÃO;SOLOMON ISLANDS;ILHAS SALOMÃO
SO;SOM;706;Somalia;SOMALIA;SOMÁLIA;SOMALI;SOMALI
ZA;ZAF;710;South Africa;SOUTH AFRICA;ÁFRICA DO SUL;SOUTH AFRICAN;SUL AFRICANA
GS;SGS;239;South Georgia and the South Sandwich Islands;;;;
ES;ESP;724;Spain;SPAIN;ESPANHA;SPANISH;ESPANHOLA
LK;LKA;144;Sri Lanka;SRI LANKA;SRI LANKA;SRI LANKA;SRI LANKA
SD;SDN;736;Sudan;SUDAN;SUDÃO;SUDANESE;SUDANESA
SR;SUR;740;Suriname;SURINAME;SURINAME;SURINAME;SURINAME
SJ;SJM;744;Svalbard & Jan Mayen Islands;;;;
SZ;SWZ;748;Swaziland;SWAZILAND;SUAZILÂNDIA;SWAZILAND;SUAZILÂNDIA
SE;SWE;752;Sweden;SWEDEN;SUÉCIA;SWEDISH;SUECA
CH;CHE;756;Switzerland;SWITZERLAND;SUIÇA;SWITZERLAND;SUIÇA
SY;SYR;760;Syrian Arab Republic;SYRIA;SÍRIA;SYRIA;SÍRIA
TW;TWN;158;Taiwan;;;;
TJ;TJK;762;Tajikistan;TAJIKISTAN;TADJIQUISTÃO;TAJIKISTAN;TADJIQUISTÃO
TZ;TZA;834;Tanzania;TANZANIA;TANZÂNIA;TANZANIAN;TANZANIANA
TH;THA;764;Thailand;THAILAND;TAILÂNDIA;THAI;TAILANDESA
TL;TLS;626;Timor-Leste;EAST TIMOR;TIMOR LESTE;TIMORESE;TIMORENSE
TG;TGO;768;Togo;TOGO;TOGO;TOGO;TOGO
TK;TKL;772;Tokelau (Tokelau Islands);;;;
TO;TON;776;Tonga;TONGA;TONGA;TONGA;TONGA
TT;TTO;780;Trinidad and Tobago;TRINIDAD AND TOBAGO;TRINIDADE E TOBAGO;TRINIDAD AND TOBAGO;TRINIDADE E TOBAGO
TN;TUN;788;Tunisia;TUNISIA;TUNÍSIA;TUNISIAN;TUNISINA
TR;TUR;792;Turkey;TURKEY;TURQUIA;TURKISH;TURCA
TM;TKM;795;Turkmenistan;TURKMENISTAN;TURQUEMENISTÃO;TURKMENISTAN;TURQUEMENISTÃO
TC;TCA;796;Turks and Caicos Islands;;;;
TV;TUV;798;Tuvalu;TUVALU;TUVALU;TUVALU;TUVALU
VI;VIR;850;US Virgin Islands;;;;
UG;UGA;800;Uganda;UGANDA;UGANDA;UGANDA;UGANDA
UA;UKR;804;Ukraine;UKRAINE;UCRÂNIA;UKRAINIAN;UCRANIANA
AE;ARE;784;United Arab Emirates;UNITED ARAB EMIRATES;EMIRADOS ÁRABES UNIDOS;UNITED ARAB EMIRATES;EMIRADOS ÁRABES UNIDOS
GB;GBR;826;United Kingdom of Great Britain & N. Ireland;UNITED KINGDOM;REINO UNIDO;BRITISH;BRITÂNICA
UM;UMI;581;United States Minor Outlying Islands;;;;
US;USA;840;United States of America;UNITED STATES OF AMERICA;ESTADOS UNIDOS DA AMÉRICA;MEMBER UNIDENSE;ESTADO-UNIDENSE
UY;URY;858;Uruguay;URUGUAY;URUGUAI;URUGUAY;URUGUAIA
UZ;UZB;860;Uzbekistan;UZBEKISTAN;UZBEQUISTÃO;UZBEKISTAN;UZBEQUISTÃO
VU;VUT;548;Vanuatu;VANUATU;VANUATU;VANUATU;VANUATU
VE;VEN;862;Venezuela;VENEZUELA;VENEZUELA;VENEZUELAN;VENEZUELANA
VN;VNM;704;Viet Nam;VIETNAM;VIETNAME;VIETNAMESE;VIETNAMITA
WF;WLF;876;Wallis and Futuna Islands;;;;
EH;ESH;732;Western Sahara;;;;
YE;YEM;887;Yemen;YEMEN;IÉMEN;YEMEN;IEMENITA
ZM;ZMB;894;Zambia;ZAMBIA;ZÂMBIA;ZAMBIAN;ZAMBIANA
ZW;ZWE;716;Zimbabwe;ZIMBABWE;ZIMBÁBUE;ZIMBABWEAN;ZIMBABUANA
